{"A":{"0":-0.8171186859,"1":-0.9172994147,"2":1.0651855178,"3":-0.5838791578,"4":0.5718858663,"5":0.5215401194,"6":-0.6358025136,"7":1.068951182,"8":1.9093970856,"9":-0.6271199528},"B":{"0":1.4184259024,"1":-0.6519810447,"2":1.1986577484,"3":0.0424243068,"4":-0.2145581868,"5":-0.5239702256,"6":0.0568363333,"7":0.6730339255,"8":1.3416213356,"9":-0.8698144165},"C":{"0":-1.0439074465,"1":-0.2456234041,"2":0.4010722715,"3":1.3637818222,"4":0.7656285291,"5":0.6284130137,"6":-0.1389794598,"7":-0.4399083041,"8":-0.3452041614,"9":0.669475007},"D":{"0":-0.5634927692,"1":-0.1874517504,"2":1.02482093,"3":0.1823947664,"4":-1.5659401467,"5":0.620067979,"6":-0.2225933956,"7":-1.2093872868,"8":0.3005959642,"9":0.2011132466},"E":{"0":1.2446732608,"1":-0.1116409483,"2":0.8505531299,"3":-1.4815525217,"4":0.8257515979,"5":-0.0642649995,"6":0.103397519,"7":0.5867713655,"8":0.986182173,"9":-1.2543868662}}